<?xml version="1.0" encoding="UTF-8"?><index xmlns="http://www.oxygenxml.com/ns/webhelp/index" xmlns:xs="http://www.w3.org/2001/XMLSchema"><term name="Ant" sort-as="Ant"><term name="overview" sort-as="overview"><target>topics/ant.html</target></term></term><term name="API:Java" sort-as="API:Java"><target>reference/java-api.html</target></term><term name="build.xml" sort-as="build.xml"><target>topics/ant.html</target></term><term name="configuration properties" sort-as="configuration properties"><term name="default.cascade" sort-as="default.cascade"><target>parameters/lib-configuration-properties.html</target></term><term name="org.dita.pdf2.i18n.enabled" sort-as="org.dita.pdf2.i18n.enabled"><target>parameters/lib-configuration-properties.html</target></term><term name="otrelease" sort-as="otrelease"><target>parameters/lib-configuration-properties.html</target></term><term name="otversion" sort-as="otversion"><target>parameters/lib-configuration-properties.html</target></term><term name="plugin.ignores" sort-as="plugin.ignores"><target>parameters/lib-configuration-properties.html</target></term><term name="plugin.order" sort-as="plugin.order"><target>parameters/lib-configuration-properties.html</target></term><term name="plugindirs" sort-as="plugindirs"><target>parameters/lib-configuration-properties.html</target></term><term name="temp-file-name-scheme" sort-as="temp-file-name-scheme"><target>parameters/lib-configuration-properties.html</target></term></term><term name="dita command" sort-as="dita command"><term name="syntax" sort-as="syntax"><target>parameters/dita-command-arguments.html</target></term></term><term name="files" sort-as="files"><term name="build.xml" sort-as="build.xml"><target>topics/ant.html</target></term><term name="lib/configuration.properties file" sort-as="lib/configuration.properties file"><target>parameters/lib-configuration-properties.html</target></term><term name="local.properties" sort-as="local.properties"><target>parameters/local-properties.html</target></term><term name="plugin.properties" sort-as="plugin.properties"><target>parameters/lib-plugin-properties.html</target></term></term><term name="Java API" sort-as="Java API"><target>reference/java-api.html</target></term><term name="local.properties file" sort-as="local.properties file"><target>parameters/local-properties.html</target></term><term name="PDF processing" sort-as="PDF processing"><term name="configuration properties" sort-as="configuration properties"><target>parameters/lib-configuration-properties.html</target></term></term><term name="plugin.properties file" sort-as="plugin.properties file"><target>parameters/lib-plugin-properties.html</target></term></index>